{
  "game_modes": [
    {
      "parent": "conquest",
      "behavior_pack": "4a740ff7-97f6-4532-a48a-8dde1123065c",
      "resource_pack": "b9d3b63c-4e5f-4ecf-9b52-4229934793fb",
      "lobby_session_template_name": "BadgerLobby_8p",
      "game_session_template_name": "BadgerGame_8p",
      "loading_tip_set": "pvp",
      "requires_online_premium": true,
      "name": "lcu_pvp",
      "telemetry_name": "PVP_Private",
      "default_privacy": 3,
      "lobby_title": "Legends Community PVP Update",
      "ui_style": "pvp",
      "generate_match_guid": true,
      "allow_matchmaking": false,
      "reports_telemetry": true,
      "activity_enabled": true,
      "lobby_chat_new_message": "lobby.conquest_private.new",
      "end_of_match_enter_sound": "BAE_pvp_endOfMatch_enter",
      "end_of_match_exit_sound": "BAE_pvp_endOfMatch_exit",
      "level_name": "Badger PvP",
      "lobby_name": "PvP Lobby"
    }
  ],
  "myths_hub_host_list": [
    {
      "name": "lcu_pvp"
    }
  ]
}