{
  "format_version": "1.8.0",
  "minecraft:entity": {
    "description": {
      "identifier": "badger:villager_outpost_village",
      "is_summonable": true
    },
    "components": {
      "badger:village": {
        "name": "Outpost Village"
      },
      "badger:village_heart_destruction": {
				"groups": {
					"structures": { 
						"delay": 0.1,
						"interval": 0.1,
						"amount": 1,
						"disable_vfx": true
					},
					"walls": {
						"delay": 0.1,
						"interval": 0.1,
						"amount": 5,
						"disable_vfx": true
					},
					"cages": {
						"delay": 1,
						"interval": 0.2,
						"amount": 1,
						"disable_vfx": false
					},
					"units": {
						"delay": 3.0,
						"interval": 1.0,
						"amount": 10,
						"disable_vfx": false
					}
				}
			},
      "badger:village_zone": {
        "expansion_distance": 250.0,
        "zone_jitter_min": 0.0,
        "zone_jitter_max": 3.0,
        "is_zone_jitter_bell_curve_enabled": false,
        "zone_spacing": 18.0,
        "water_search_resolution": 6.0
      },
      "badger:culture": {
        "base_culture_a": 0
      },
			"badger:culture_status": {
				"thresholds": [
				  {"thresholdA": 250, "thresholdB": 250, "thresholdC":250},
				  {"thresholdA": 500, "thresholdB": 500, "thresholdC":500},
				  {"thresholdA": 1000, "thresholdB": 1000, "thresholdC":1000}
				]
      },
      "badger:map_controller": {},
      "badger:telemetry_game_zone": {
				"id": 4,
        "alt_id": 99,
        "add_details_in_pvp": false
			},
      "badger:village_bounds_trigger_volume_size": {
        "padding": 75
      },
      "badger:tags": {
        "tags": [
		  "_shared_data_and_terraforming_opt_out"
        ]
      },
      "badger:template": "badger:template_village_root"
    }
  }
}
