{
	"badger:template": {
		"game_mode": "lcu_pvp",
		"parent": "game_rules"
	},
	"defaults": {
		"randomseedoverride": 2070850612,
		"allowislands": false,
		"autosaveenabled": true,
		"bsharpenabled": true,
		"creativemodedefault": true,
		"dodaylightcycle": true,
		"dofogofwar": true,
		"doplayersinvincible": false,
		"doweathercycle": true,
		"enablecinematicdeaths": true,
		"enableunlocks": true,
		"entitystreamingenabled": true,
		"exclusiveluredunits": true,
		//"generator_type": "flat",
		"mapenabled": true,
		"onboardingenabledpvp": false,
		"popcapenabled": false,
		"precachestructures": true,
		"randomstartingteam": false,
		"saveonquitenabled": true,
		"skip_lobby_creation": false,
		"teamcompassicons": true,
		"allowteamswitching": true,
		"difficultymodeenabled": true,
		"teamcolors": true,
		"use_flatlands_level_id": false,
		"useactiontelemetry": false,
		"worldsizeaxischunks": 400,
		//"preloadworldchunkradius": 45,
		"onboardingenabledcampaign": false,
		"allaymessages": false,
		"factioncoloricon": false,
		"pvpobjectivehealthbars": true,
		"hostquitbanenabled": false,
		"usepvptutorialscripts": false
	}
}