{
  "badger:game_resources_service": {
    "badger:template": {
      "parent": "badger:game_resources_service",
      "game_mode": "pvp"
    },
    "game_resources": [
      //Player
      {
        "resource": "lure_cap",
        "type": "team",
        "category": "unlock",
        "default_amount": 10,
        "starting_cap": 10,
        "telemetry_track": true
      },
      {
        "resource": "advanced_direct_unlock",
        "type": "team",
        "category": "unlock",
        "default_amount": 1
      },
      {
        "resource": "battle_view_unlock",
        "type": "team",
        "category": "unlock",
        "default_amount": 1
      },
      // Campaign Resources (that need to be hidden and given to the player)
      {
        "resource": "unlock_remaining_wof_upgrades",
        "type": "team",
        "category": "unlock",
        "default_amount": 1,
        "show_in_ui": false
      },
      //ticket resources
      {
        "resource": "fountain",
        "category": "unlock",
        "default_amount": 0,
        "starting_cap": 0,
        "show_in_ui": false,
        "telemetry_track": true
      },
      {
        "resource": "gather_uncommon_resource",
        "type": "team",
        "category": "unlock",
        "default_amount": 0,
        "show_in_ui": false,
        "telemetry_track": true
      },
      {
        "resource": "gather_uncommon_resource_passive", //granted by Large WoF rare resource improvements. The amount of this resource is multiplied by the passive drip.
        "type": "team",
        "category": "unlock",
        "default_amount": 0,
        "show_in_ui": false
      },
      {
        "resource": "gather_wood",
        "type": "team",
        "category": "unlock",
        "default_amount": 1,
        "show_in_ui": false,
        "telemetry_track": true
      },
      {
        "resource": "gather_stone",
        "type": "team",
        "category": "unlock",
        "default_amount": 1,
        "show_in_ui": false,
        "telemetry_track": true
      },
      {
        "resource": "gather_rare_resource",
        "type": "team",
        "category": "unlock",
        "default_amount": 0,
        "show_in_ui": false,
        "telemetry_track": true
      },
      {
        "resource": "gather_rare_resource_passive", //granted by Large WoF rare resource improvements. The amount of this resource is multiplied by the passive drip.
        "type": "team",
        "category": "unlock",
        "default_amount": 0,
        "show_in_ui": false
      },
      {
        "resource": "gather_gold",
        "type": "team",
        "category": "unlock",
        "default_amount": 1,
        "show_in_ui": false
      },
      {
        "resource": "gather_redstone",
        "type": "team",
        "category": "unlock",
        "default_amount": 0,
        "show_in_ui": false,
        "telemetry_track": true
      },
      {
        "resource": "gather_redstone_passive", //granted by Large WoF rare resource improvements. The amount of this resource is multiplied by the passive drip.
        "type": "team",
        "category": "unlock",
        "default_amount": 0,
        "show_in_ui": false
      },
      {
        "resource": "gather_coal",
        "type": "team",
        "category": "unlock",
        "default_amount": 0,
        "show_in_ui": false
      },
      {
        "resource": "gather_coal_passive", //granted by Large WoF rare resource improvements. The amount of this resource is multiplied by the passive drip.
        "type": "team",
        "category": "unlock",
        "default_amount": 0,
        "show_in_ui": false
      },
      {
        "resource": "one_pvp_fountain",
        "type": "team",
        "default_amount": 0,
        "show_in_ui": false
      },
      {
        "resource": "unlock_prismarine_upgrades",
        "type": "team",
        "category": "unlock",
        "default_amount": 0,
        "show_in_ui": true,
        "telemetry_track": true
      },
      {
        "resource": "unlock_redstone_tech",
        "type": "team",
        "category": "unlock",
        "default_amount": 0,
        "show_in_ui": true,
        "telemetry_track": true
      },
      {
        "resource": "unlock_iron_tech",
        "type": "team",
        "category": "unlock",
        "default_amount": 0,
        "show_in_ui": true,
        "telemetry_track": true
      },
      {
        "resource": "unlock_diamond_tech",
        "type": "team",
        "category": "unlock",
        "default_amount": 0,
        "show_in_ui": true,
        "telemetry_track": true
      },
      {
        "resource": "unlock_coal_tech",
        "type": "team",
        "category": "unlock",
        "default_amount": 0,
        "show_in_ui": true,
        "telemetry_track": true
      },
      {
        "resource": "unlock_firsts_spawners",
        "type": "team",
        "category": "unlock",
        "default_amount": 0,
        "show_in_ui": true,
        "telemetry_track": true
      },
      {
        "resource": "unlock_host_towers",
        "type": "team",
        "category": "unlock",
        "default_amount": 0,
        "show_in_ui": true,
        "telemetry_track": true
      },
      //core resources
      {
        "resource": "wood",
        "type": "team",
        "default_amount": 250,
        "starting_cap": 5000,
        "telemetry_track": true
      },
      {
        "resource": "stone",
        "type": "team",
        "default_amount": 250,
        "starting_cap": 5000,
        "telemetry_track": true
      },
      {
        "resource": "iron",
        "type": "team",
        "default_amount": 0,
        "starting_cap": 250,
        "telemetry_track": true
      },
      {
        "resource": "gold",
        "type": "team",
        "archetype_name": "badger:item_gold",
        "default_amount": 0,
        "starting_cap": 0
      },
      {
        "resource": "diamond",
        "type": "team",
        "default_amount": 0,
        "starting_cap": 250,
        "telemetry_track": true
      },
      {
        "resource": "redstone",
        "type": "team",
        "default_amount": 0,
        "starting_cap": 250,
        "telemetry_track": true
      },
      {
        "resource": "coal",
        "type": "team",
        "default_amount": 0,
        "starting_cap": 250,
        "telemetry_track": true
      },
      //Common
      {
        "resource": "emerald",
        "type": "team",
        "archetype_name": "badger:item_lapis_lazuli",
        "default_amount": 0,
        "starting_cap": 250,
        "stack_size": 5,
        "has_hud_depleted_notification": false,
        "telemetry_track": true
      },
      //XP Drops
      //rare
      {
        "resource": "xp_common",
        "type": "team",
        "archetype_name": "badger:item_prismarine",
        "default_amount": 0,
        "stack_size": 1,
        "starting_cap": 250,
        "telemetry_track": true
      },
      //Regulars spawners unlocked by default:
      {
        "resource": "unlock_spawner_golemwood",
        "category": "unlock",
        "default_amount": 1,
        "show_in_ui": false
      },
      {
        "resource": "unlock_spawner_golemstone",
        "category": "unlock",
        "default_amount": 1,
        "show_in_ui": false
      },
      {
        "resource": "unlock_spawner_golemcavalry",
        "category": "unlock",
        "default_amount": 1,
        "show_in_ui": false
      },
      {
        "resource": "unlock_player_spawner_support",
        "category": "unlock",
        "default_amount": 1,
        "show_in_ui": false
      },
      {
        "resource": "unlock_spawner_support",
        "category": "unlock",
        "default_amount": 1,
        "show_in_ui": false
      },
      {
        "resource": "unlock_spawner_vindicator",
        "category": "unlock",
        "default_amount": 1,
        "show_in_ui": false
      },
      {
        "resource": "unlock_spawner_skeleton",
        "category": "unlock",
        "default_amount": 1,
        "show_in_ui": false
      },
      {
        "resource": "unlock_spawner_zombie",
        "category": "unlock",
        "default_amount": 1,
        "show_in_ui": false
      },
      {
        "resource": "unlock_spawner_creeper",
        "category": "unlock",
        "default_amount": 1,
        "show_in_ui": false
      },
      {
        "resource": "unlock_village_flag",
        "category": "unlock",
        "default_amount": 1,
        "show_in_ui": false
      },
      {
        "resource": "unlock_allay_gather_and_build",
        "category": "unlock",
        "default_amount": 1,
        "show_in_ui": false
      },
      //Mounts
      //Horse unlock
      {
        "resource": "unlock_quest_mount_00",
        "category": "unlock",
        "default_amount": 1,
        "stack_size": 1,
        "show_in_ui": false
      },
      //Tiger unlock
      {
        "resource": "unlock_quest_mount_01",
        "category": "unlock",
        "stack_size": 1,
        "default_amount": 1
      },
      //Giant Beetle Unlock
      {
        "resource": "unlock_quest_mount_03",
        "category": "unlock",
        "stack_size": 1,
        "default_amount": 1
      },
      //Terror Bird Unlock
      {
        "resource": "unlock_quest_mount_04",
        "category": "unlock",
        "stack_size": 1,
        "default_amount": 1
      },
      {
        "resource": "unlock_quest_mount_05",
        "category": "unlock",
        "stack_size": 1,
        "default_amount": 1
      },
      // Pop cap limit test
      {
        "resource": "built_max_pop_cap",
        "type": "team",
        "default_amount": 3,
        "starting_cap": 4,
        "show_in_ui": true,
        "telemetry_track": false
      },
      // Journal Items
      {
        "resource": "unlock_journal_well_of_fate",
        "category": "unlock",
        "default_amount": 0,
        "show_in_ui": false,
        "journal_category": "overworld"
      },
      {
        "resource": "unlock_journal_host_knowledge",
        "category": "unlock",
        "default_amount": 0,
        "show_in_ui": false,
        "journal_category": "overworld"
      },
      {
        "resource": "unlock_journal_host_action",
        "category": "unlock",
        "default_amount": 0,
        "show_in_ui": false,
        "journal_category": "overworld"
      },
      {
        "resource": "unlock_journal_host_foresight",
        "category": "unlock",
        "default_amount": 0,
        "show_in_ui": false,
        "journal_category": "overworld"
      },
      {
        "resource": "unlock_journal_treasure_chest",
        "category": "unlock",
        "default_amount": 1,
        "show_in_ui": false,
        "journal_category": "overworld"
      },
      {
        "resource": "unlock_journal_cavalry_golem",
        "category": "unlock",
        "default_amount": 1,
        "show_in_ui": false,
        "journal_category": "overworld"
      },
      {
        "resource": "unlock_journal_support_golem",
        "category": "unlock",
        "default_amount": 1,
        "show_in_ui": false,
        "journal_category": "overworld"
      },
      {
        "resource": "unlock_journal_mob_creeper",
        "category": "unlock",
        "default_amount": 1,
        "show_in_ui": false,
        "journal_category": "overworld"
      },
      {
        "resource": "unlock_journal_mob_zombie",
        "category": "unlock",
        "default_amount": 1,
        "show_in_ui": false,
        "journal_category": "overworld"
      },
      {
        "resource": "unlock_journal_mob_skeleton",
        "category": "unlock",
        "default_amount": 1,
        "show_in_ui": false,
        "journal_category": "overworld"
      },
      {
        "resource": "unlock_journal_mount_tiger",
        "category": "unlock",
        "default_amount": 1,
        "show_in_ui": false,
        "journal_category": "overworld"
      },
      {
        "resource": "unlock_journal_mount_beetle",
        "category": "unlock",
        "default_amount": 1,
        "show_in_ui": false,
        "journal_category": "overworld"
      },
      {
        "resource": "unlock_journal_mount_bird",
        "category": "unlock",
        "default_amount": 1,
        "show_in_ui": false,
        "journal_category": "overworld"
      },
      {
        "resource": "unlock_journal_mount_06",
        "category": "unlock",
        "default_amount": 1,
        "show_in_ui": false,
        "journal_category": "overworld"
      },
      {
        "resource": "unlock_journal_vindicator",
        "category": "unlock",
        "default_amount": 1,
        "show_in_ui": false,
        "journal_category": "overworld"
      },
      {
        "resource": "unlock_journal_ally_fallen_warrior",
        "category": "unlock",
        "default_amount": 0,
        "show_in_ui": false,
        "journal_category": "overworld"
      },
      {
        "resource": "unlock_journal_ally_spawner",
        "category": "unlock",
        "default_amount": 0,
        "show_in_ui": false,
        "journal_category": "overworld",
        "has_hud_notification": true
      },
      {
        "resource": "unlock_journal_ally_shield",
        "category": "unlock",
        "default_amount": 0,
        "show_in_ui": false,
        "journal_category": "overworld"
      },
      {
        "resource": "unlock_journal_ally_sniper",
        "category": "unlock",
        "default_amount": 0,
        "show_in_ui": false,
        "journal_category": "overworld"
      },
      {
        "resource": "unlock_journal_tower_blast",
        "category": "unlock",
        "default_amount": 1,
        "show_in_ui": false,
        "journal_category": "overworld"
      },
      {
        "resource": "unlock_journal_tower_stun",
        "category": "unlock",
        "default_amount": 1,
        "show_in_ui": false,
        "journal_category": "overworld"
      },
      {
        "resource": "unlock_journal_tower_frost",
        "category": "unlock",
        "default_amount": 1,
        "show_in_ui": false,
        "journal_category": "overworld"
      },
      {
        "resource": "unlock_journal_buff_speed_weed",
        "category": "unlock",
        "default_amount": 1,
        "show_in_ui": false,
        "journal_category": "overworld"
      },
      {
        "resource": "unlock_journal_buff_bouncy_mushroom",
        "category": "unlock",
        "default_amount": 1,
        "show_in_ui": false,
        "journal_category": "overworld"
      },
      {
        "resource": "unlock_journal_buff_regen_stone",
        "category": "unlock",
        "default_amount": 1,
        "show_in_ui": false,
        "journal_category": "overworld"
      },
      {
        "resource": "unlock_journal_hazard_redthorn",
        "category": "unlock",
        "default_amount": 1,
        "show_in_ui": false,
        "journal_category": "overworld"
      },
      {
        "resource": "unlock_journal_hazard_tar_pit",
        "category": "unlock",
        "default_amount": 1,
        "show_in_ui": false,
        "journal_category": "overworld"
      },
      {
        "resource": "unlock_journal_hazard_mud_pit",
        "category": "unlock",
        "default_amount": 1,
        "show_in_ui": false,
        "journal_category": "overworld"
      },
      {
        "resource": "unlock_journal_hazard_venom_vines",
        "category": "unlock",
        "default_amount": 1,
        "show_in_ui": false,
        "journal_category": "overworld"
      },
      {
        "resource": "unlock_journal_hazard_geyser",
        "category": "unlock",
        "default_amount": 1,
        "show_in_ui": false,
        "journal_category": "overworld"
      },
      {
        "resource": "unlock_journal_resource_wood",
        "category": "unlock",
        "default_amount": 1,
        "show_in_ui": false,
        "journal_category": "resources"
      },
      {
        "resource": "unlock_journal_resource_stone",
        "category": "unlock",
        "default_amount": 1,
        "show_in_ui": false,
        "journal_category": "resources"
      },
      {
        "resource": "unlock_journal_resource_iron",
        "category": "unlock",
        "default_amount": 1,
        "show_in_ui": false,
        "journal_category": "resources"
      },
      {
        "resource": "unlock_journal_resource_coal",
        "category": "unlock",
        "default_amount": 1,
        "show_in_ui": false,
        "journal_category": "resources"
      },
      {
        "resource": "unlock_journal_resource_redstone",
        "category": "unlock",
        "default_amount": 1,
        "show_in_ui": false,
        "journal_category": "resources"
      },
      {
        "resource": "unlock_journal_resource_prismarine",
        "category": "unlock",
        "default_amount": 1,
        "show_in_ui": false,
        "journal_category": "resources"
      },
      {
        "resource": "unlock_journal_resource_emerald",
        "category": "unlock",
        "default_amount": 1,
        "show_in_ui": false,
        "journal_category": "resources"
      },
      {
        "resource": "unlock_journal_resource_diamond",
        "category": "unlock",
        "default_amount": 1,
        "show_in_ui": false,
        "journal_category": "resources"
      },
      {
        "resource": "unlock_journal_structure_witch_pvp",
        "category": "unlock",
        "default_amount": 1,
        "show_in_ui": false,
        "journal_category": "overworld"
      },
      {
        "resource": "unlock_journal_mob_witch_pvp",
        "category": "unlock",
        "default_amount": 0,
        "show_in_ui": false,
        "journal_category": "overworld"
      }
    ]
  }
}