{
  "format_version": "1.10.0",
  "minecraft:client_entity": {
    "description": {
      "identifier": "badger:tower_allay_killer"
    },
    "components": {
      "badger:template": "badger:template_structure",
      "badger:area_overlays": {
        "circles": [
          {
            "layer": "overlay",
            "type": "tower",
            "views": [
              "placement"
            ],
            "filter_team": true,
            "size": 58
          }
        ]
      },
      "badger:presentation_event": {
        "on_construction_start": {
          "audio": "BAE_structure_placement_player_small"
        },
        "on_construction_end": {
          "audio": "BAE_tower_anti_siege_idle"
        },
        "on_building_destroyed": {
          "audio": "BAE_tower_anti_siege_destroyed"
        },
        "on_damage_applied_to_structure_1": {
          "audio": "BAE_tower_anti_siege_damage_state_1"
        },
        "on_damage_applied_to_structure_2": {
          "audio": "BAE_tower_anti_siege_damage_state_2"
        },
        "on_damage_applied_to_structure_3": {
          "audio": "BAE_tower_anti_siege_damage_state_3"
        },
        "on_healing_applied_to_structure_0": {
          "audio": "BAE_carpenter_heal_full"
        },
        "on_healing_applied_to_structure_1": {
          "audio": "BAE_carpenter_heal_stage1"
        },
        "on_healing_applied_to_structure_2": {
          "audio": "BAE_carpenter_heal_stage2"
        },
        "on_projectile_intercept": {
          "audio": "BAE_tower_anti_siege_intercept"
        }
      }
    }
  }
}